id,timestamp,nivel,mensagem,thread_id,batch_id,no,duracao_s,provedor,modelo,sucesso,erro
1,2026-08-30T14:13:27.242836+00:00,INFO,no_executado,613,613,preparar_contexto,0.0028,,,,
2,2026-08-30T14:14:14.494372+00:00,INFO,no_executado,613,613,formular_pergunta_ishikawa,47.1934,,,,
3,2026-08-30T14:14:14.549845+00:00,INFO,no_executado,613,613,perguntar_operador,0.0008,,,,
4,2026-08-30T14:15:53.363239+00:00,INFO,no_executado,606,606,preparar_contexto,0.001,,,,
5,2026-08-30T14:15:58.267475+00:00,INFO,no_executado,606,606,formular_pergunta_ishikawa,4.8472,,,,
6,2026-08-30T14:15:58.322379+00:00,INFO,no_executado,606,606,perguntar_operador,0.0001,,,,
7,2026-08-30T14:15:59.157432+00:00,INFO,no_executado,606,606,perguntar_operador,0.0001,,,,
8,2026-08-30T14:16:02.005079+00:00,INFO,no_executado,606,606,avaliar_informatividade,2.7932,,,,
9,2026-08-30T14:16:09.746953+00:00,INFO,no_executado,606,606,formular_pergunta_ishikawa,7.6581,,,,
10,2026-08-30T14:16:09.801728+00:00,INFO,no_executado,606,606,perguntar_operador,0.0001,,,,
11,2026-08-30T14:16:10.622265+00:00,INFO,no_executado,606,606,perguntar_operador,0.0001,,,,
12,2026-08-30T14:16:13.614006+00:00,INFO,no_executado,606,606,avaliar_informatividade,2.9375,,,,
13,2026-08-30T14:16:17.653280+00:00,INFO,no_executado,606,606,formular_pergunta_ishikawa,3.9851,,,,
14,2026-08-30T14:16:17.710038+00:00,INFO,no_executado,606,606,perguntar_operador,0.0001,,,,
15,2026-08-30T14:16:18.614058+00:00,INFO,no_executado,606,606,perguntar_operador,0.0001,,,,
16,2026-08-30T14:16:23.201854+00:00,INFO,no_executado,606,606,avaliar_informatividade,4.5328,,,,
17,2026-08-30T14:17:01.416111+00:00,INFO,no_executado,606,606,formular_pergunta_ishikawa,38.1596,,,,
18,2026-08-30T14:17:01.470779+00:00,INFO,no_executado,606,606,perguntar_operador,0.0001,,,,
19,2026-08-30T14:17:02.801652+00:00,INFO,no_executado,606,606,perguntar_operador,0.0001,,,,
20,2026-08-30T14:17:10.792678+00:00,INFO,no_executado,606,606,avaliar_informatividade,7.9359,,,,
21,2026-08-30T14:17:10.847571+00:00,INFO,no_executado,606,606,perguntar_operador,0.0001,,,,
22,2026-08-30T14:17:11.812510+00:00,INFO,no_executado,606,606,perguntar_operador,0.0001,,,,
23,2026-08-30T14:17:14.199946+00:00,INFO,no_executado,606,606,avaliar_informatividade,2.3333,,,,
24,2026-08-30T14:17:18.736720+00:00,INFO,no_executado,606,606,formular_pergunta_ishikawa,4.4826,,,,
25,2026-08-30T14:17:18.792444+00:00,INFO,no_executado,606,606,perguntar_operador,0.0001,,,,
26,2026-08-30T14:17:19.610035+00:00,INFO,no_executado,606,606,perguntar_operador,0.0001,,,,
27,2026-08-30T14:17:22.049368+00:00,INFO,no_executado,606,606,avaliar_informatividade,2.3834,,,,
28,2026-08-30T14:17:22.103870+00:00,INFO,no_executado,606,606,perguntar_operador,0.0001,,,,
29,2026-08-30T14:17:22.940267+00:00,INFO,no_executado,606,606,perguntar_operador,0.0001,,,,
30,2026-08-30T14:17:25.177146+00:00,INFO,no_executado,606,606,avaliar_informatividade,2.1821,,,,
31,2026-08-30T14:18:03.325335+00:00,INFO,no_executado,606,606,preparar_contexto,0.001,,,,
32,2026-08-30T14:18:03.997229+00:00,INFO,no_executado,606,606,formular_pergunta_ishikawa,38.7653,,,,
33,2026-08-30T14:18:04.052242+00:00,INFO,no_executado,606,606,perguntar_operador,0.0001,,,,
34,2026-08-30T14:18:04.904619+00:00,INFO,no_executado,606,606,perguntar_operador,0.0001,,,,
35,2026-08-30T14:18:07.200062+00:00,INFO,no_executado,606,606,formular_pergunta_ishikawa,3.817,,,,
36,2026-08-30T14:18:07.254797+00:00,INFO,no_executado,606,606,perguntar_operador,0.0001,,,,
37,2026-08-30T14:18:07.574303+00:00,INFO,no_executado,606,606,avaliar_informatividade,2.6148,,,,
38,2026-08-30T14:18:07.628691+00:00,INFO,no_executado,606,606,perguntar_operador,0.0001,,,,
39,2026-08-30T14:18:08.576861+00:00,INFO,no_executado,606,606,perguntar_operador,0.0001,,,,
40,2026-08-30T14:18:28.162829+00:00,INFO,no_executado,606,606,avaliar_informatividade,19.5307,,,,
41,2026-08-30T14:18:56.900162+00:00,INFO,no_executado,606,606,orquestrar_analise,28.682,,,,
42,2026-08-30T14:19:00.809310+00:00,INFO,no_executado,606,606,pre_busca_rag,3.8532,,,,
43,2026-08-30T14:19:01.193300+00:00,INFO,no_executado,606,606,formular_porque,4.2387,,,,
44,2026-08-30T14:19:02.237451+00:00,INFO,no_executado,611,611,preparar_contexto,0.0007,,,,
45,2026-08-30T14:19:06.504022+00:00,INFO,no_executado,611,611,formular_pergunta_ishikawa,4.2107,,,,
46,2026-08-30T14:19:06.559278+00:00,INFO,no_executado,611,611,perguntar_operador,0.0001,,,,
47,2026-08-30T14:19:07.731196+00:00,INFO,no_executado,611,611,perguntar_operador,0.0001,,,,
48,2026-08-30T14:19:19.684470+00:00,INFO,no_executado,611,611,avaliar_informatividade,11.8984,,,,
49,2026-08-30T14:19:24.091254+00:00,INFO,no_executado,611,611,formular_pergunta_ishikawa,4.35,,,,
50,2026-08-30T14:19:24.145786+00:00,INFO,no_executado,611,611,perguntar_operador,0.0001,,,,
51,2026-08-30T14:19:24.947979+00:00,INFO,no_executado,611,611,perguntar_operador,0.0001,,,,
52,2026-08-30T14:20:00.767063+00:00,INFO,no_executado,611,611,avaliar_informatividade,35.7617,,,,
53,2026-08-30T14:20:16.698290+00:00,INFO,no_executado,609,609,preparar_contexto,0.0008,,,,
54,2026-08-30T14:20:20.846265+00:00,INFO,no_executado,609,609,formular_pergunta_ishikawa,4.0929,,,,
55,2026-08-30T14:20:20.900972+00:00,INFO,no_executado,609,609,perguntar_operador,0.0001,,,,
56,2026-08-30T14:39:33.148031+00:00,INFO,no_executado,606,606,pre_busca_rag,9.0209,,,,
57,2026-08-30T14:40:23.066879+00:00,INFO,no_executado,611,611,avaliar_informatividade,48.8715,,,,
58,2026-08-30T14:41:28.339779+00:00,INFO,no_executado,606,606,pre_busca_rag,2.5922,,,,
59,2026-08-30T14:41:51.993478+00:00,INFO,no_executado,606,606,pre_busca_rag,2.6124,,,,
60,2026-08-30T14:42:35.720473+00:00,INFO,no_executado,606,606,pre_busca_rag,2.4179,,,,
61,2026-08-30T14:43:39.089600+00:00,INFO,no_executado,606,606,pre_busca_rag,2.3644,,,,
62,2026-08-30T14:45:34.873940+00:00,INFO,no_executado,611,611,avaliar_informatividade,34.8123,,,,
63,2026-08-30T14:46:31.669011+00:00,INFO,no_executado,611,611,avaliar_informatividade,35.877,,,,
64,2026-08-30T14:47:49.369979+00:00,INFO,no_executado,611,611,avaliar_informatividade,36.7299,,,,
65,2026-08-30T14:49:25.781265+00:00,INFO,no_executado,611,611,avaliar_informatividade,35.499,,,,
66,2026-08-30T14:51:25.287606+00:00,INFO,no_executado,607,607,preparar_contexto,0.0008,,,,
67,2026-08-30T14:52:00.780040+00:00,INFO,no_executado,607,607,formular_pergunta_ishikawa,35.438,,,,
68,2026-08-30T15:14:09.753733+00:00,INFO,no_executado,612-smoke-test,612,preparar_contexto,0.015,,,,
69,2026-08-30T15:14:12.404783+00:00,INFO,no_executado,612-smoke-test,612,formular_pergunta_ishikawa,2.5,,,,
70,2026-08-30T15:14:12.578275+00:00,INFO,no_executado,612-smoke-test,612,perguntar_operador,0.0,,,,
71,2026-08-30T15:14:50.709950+00:00,INFO,no_executado,612-smoke-test,612,perguntar_operador,0.0,,,,
72,2026-08-30T15:14:52.739017+00:00,INFO,no_executado,612-smoke-test,612,avaliar_informatividade,1.86,,,,
73,2026-08-30T15:14:54.639932+00:00,INFO,no_executado,612-smoke-test,612,formular_pergunta_ishikawa,1.656,,,,
74,2026-08-30T15:14:54.810212+00:00,INFO,no_executado,612-smoke-test,612,perguntar_operador,0.0,,,,
75,2026-08-30T15:14:55.503865+00:00,INFO,no_executado,612-smoke-test,612,perguntar_operador,0.0,,,,
76,2026-08-30T15:14:57.176671+00:00,INFO,no_executado,612-smoke-test,612,avaliar_informatividade,1.5,,,,
77,2026-08-30T15:14:58.877523+00:00,INFO,no_executado,612-smoke-test,612,formular_pergunta_ishikawa,1.375,,,,
78,2026-08-30T15:14:59.046003+00:00,INFO,no_executado,612-smoke-test,612,perguntar_operador,0.0,,,,
79,2026-08-30T15:14:59.839229+00:00,INFO,no_executado,612-smoke-test,612,perguntar_operador,0.0,,,,
80,2026-08-30T15:15:01.561471+00:00,INFO,no_executado,612-smoke-test,612,avaliar_informatividade,1.547,,,,
81,2026-08-30T15:15:03.039875+00:00,INFO,no_executado,612-smoke-test,612,formular_pergunta_ishikawa,1.297,,,,
82,2026-08-30T15:15:03.205442+00:00,INFO,no_executado,612-smoke-test,612,perguntar_operador,0.0,,,,
83,2026-08-30T15:15:03.900889+00:00,INFO,no_executado,612-smoke-test,612,perguntar_operador,0.0,,,,
84,2026-08-30T15:15:05.451825+00:00,INFO,no_executado,612-smoke-test,612,avaliar_informatividade,1.391,,,,
85,2026-08-30T15:15:05.619520+00:00,INFO,no_executado,612-smoke-test,612,perguntar_operador,0.0,,,,
86,2026-08-30T15:15:06.306152+00:00,INFO,no_executado,612-smoke-test,612,perguntar_operador,0.0,,,,
87,2026-08-30T15:15:07.807736+00:00,INFO,no_executado,612-smoke-test,612,avaliar_informatividade,1.328,,,,
88,2026-08-30T15:15:09.555755+00:00,INFO,no_executado,612-smoke-test,612,formular_pergunta_ishikawa,1.578,,,,
89,2026-08-30T15:15:09.730722+00:00,INFO,no_executado,612-smoke-test,612,perguntar_operador,0.0,,,,
90,2026-08-30T15:15:59.186607+00:00,INFO,no_executado,613-smoke-test,613,preparar_contexto,0.016,,,,
91,2026-08-30T15:16:01.256970+00:00,INFO,no_executado,613-smoke-test,613,formular_pergunta_ishikawa,1.89,,,,
92,2026-08-30T15:16:01.425655+00:00,INFO,no_executado,613-smoke-test,613,perguntar_operador,0.0,,,,
93,2026-08-30T15:16:02.115781+00:00,INFO,no_executado,613-smoke-test,613,perguntar_operador,0.0,,,,
94,2026-08-30T15:16:03.697918+00:00,INFO,no_executado,613-smoke-test,613,avaliar_informatividade,1.391,,,,
95,2026-08-30T15:16:05.635602+00:00,INFO,no_executado,613-smoke-test,613,formular_pergunta_ishikawa,1.781,,,,
96,2026-08-30T15:16:05.970021+00:00,INFO,no_executado,613-smoke-test,613,perguntar_operador,0.0,,,,
97,2026-08-30T15:16:06.705712+00:00,INFO,no_executado,613-smoke-test,613,perguntar_operador,0.0,,,,
98,2026-08-30T15:16:08.419531+00:00,INFO,no_executado,613-smoke-test,613,avaliar_informatividade,1.547,,,,
99,2026-08-30T15:16:08.586882+00:00,INFO,no_executado,613-smoke-test,613,perguntar_operador,0.0,,,,
100,2026-08-30T15:16:09.289060+00:00,INFO,no_executado,613-smoke-test,613,perguntar_operador,0.0,,,,
101,2026-08-30T15:16:10.837894+00:00,INFO,no_executado,613-smoke-test,613,avaliar_informatividade,1.375,,,,
102,2026-08-30T15:16:12.478574+00:00,INFO,no_executado,613-smoke-test,613,formular_pergunta_ishikawa,1.469,,,,
103,2026-08-30T15:16:12.647381+00:00,INFO,no_executado,613-smoke-test,613,perguntar_operador,0.0,,,,
104,2026-08-30T15:16:13.355928+00:00,INFO,no_executado,613-smoke-test,613,perguntar_operador,0.0,,,,
105,2026-08-30T15:16:15.043478+00:00,INFO,no_executado,613-smoke-test,613,avaliar_informatividade,1.531,,,,
106,2026-08-30T15:16:15.211395+00:00,INFO,no_executado,613-smoke-test,613,perguntar_operador,0.0,,,,
107,2026-08-30T16:15:18.275150+00:00,INFO,no_executado,615,615,preparar_contexto,0.0008,,,,
108,2026-08-30T16:15:27.391061+00:00,INFO,no_executado,615,615,formular_pergunta_ishikawa,9.0597,,,,
109,2026-08-30T16:15:27.448039+00:00,INFO,no_executado,615,615,perguntar_operador,0.0014,,,,
110,2026-08-30T16:20:00.707854+00:00,INFO,no_executado,613,613,preparar_contexto,0.0009,,,,
111,2026-08-30T16:20:10.143519+00:00,INFO,no_executado,613,613,formular_pergunta_ishikawa,9.3803,,,,
112,2026-08-30T16:20:10.197722+00:00,INFO,no_executado,613,613,perguntar_operador,0.0001,,,,
113,2026-08-30T16:20:39.255304+00:00,INFO,no_executado,606,606,preparar_contexto,0.0009,,,,
114,2026-08-30T16:20:40.950954+00:00,INFO,no_executado,606,606,formular_pergunta_ishikawa,1.642,,,,
115,2026-08-30T16:20:41.006302+00:00,INFO,no_executado,606,606,perguntar_operador,0.0001,,,,
116,2026-08-30T16:20:42.216388+00:00,INFO,no_executado,606,606,perguntar_operador,0.0001,,,,
117,2026-08-30T16:20:43.470704+00:00,INFO,no_executado,606,606,avaliar_informatividade,1.1994,,,,
118,2026-08-30T16:20:44.781732+00:00,INFO,no_executado,606,606,formular_pergunta_ishikawa,1.257,,,,
119,2026-08-30T16:20:44.836920+00:00,INFO,no_executado,606,606,perguntar_operador,0.0001,,,,
120,2026-08-30T16:20:45.830337+00:00,INFO,no_executado,606,606,perguntar_operador,0.0001,,,,
121,2026-08-30T16:20:47.274215+00:00,INFO,no_executado,606,606,avaliar_informatividade,1.3889,,,,
122,2026-08-30T16:20:48.593471+00:00,INFO,no_executado,606,606,formular_pergunta_ishikawa,1.2648,,,,
123,2026-08-30T16:20:48.647338+00:00,INFO,no_executado,606,606,perguntar_operador,0.0001,,,,
124,2026-08-30T16:20:49.427202+00:00,INFO,no_executado,606,606,perguntar_operador,0.0001,,,,
125,2026-08-30T16:20:50.959189+00:00,INFO,no_executado,606,606,avaliar_informatividade,1.4767,,,,
126,2026-08-30T16:20:51.012737+00:00,INFO,no_executado,606,606,perguntar_operador,0.0001,,,,
127,2026-08-30T16:20:51.791113+00:00,INFO,no_executado,606,606,perguntar_operador,0.0001,,,,
128,2026-08-30T16:20:53.163909+00:00,INFO,no_executado,606,606,avaliar_informatividade,1.3168,,,,
129,2026-08-30T16:20:54.681909+00:00,INFO,no_executado,606,606,formular_pergunta_ishikawa,1.4636,,,,
130,2026-08-30T16:20:54.736358+00:00,INFO,no_executado,606,606,perguntar_operador,0.0001,,,,
131,2026-08-30T16:20:55.506016+00:00,INFO,no_executado,606,606,perguntar_operador,0.0001,,,,
132,2026-08-30T16:20:56.596690+00:00,INFO,no_executado,606,606,avaliar_informatividade,1.0321,,,,
133,2026-08-30T16:20:56.650880+00:00,INFO,no_executado,606,606,perguntar_operador,0.0001,,,,
134,2026-08-30T16:20:57.455267+00:00,INFO,no_executado,606,606,perguntar_operador,0.0001,,,,
135,2026-08-30T16:20:58.670077+00:00,INFO,no_executado,606,606,avaliar_informatividade,1.1597,,,,
136,2026-08-30T16:21:00.306463+00:00,INFO,no_executado,606,606,formular_pergunta_ishikawa,1.5813,,,,
137,2026-08-30T16:21:00.360361+00:00,INFO,no_executado,606,606,perguntar_operador,0.0001,,,,
138,2026-08-30T16:21:01.306456+00:00,INFO,no_executado,606,606,perguntar_operador,0.0001,,,,
139,2026-08-30T16:21:02.840657+00:00,INFO,no_executado,606,606,avaliar_informatividade,1.4776,,,,
140,2026-08-30T16:21:02.894552+00:00,INFO,no_executado,606,606,perguntar_operador,0.0001,,,,
141,2026-08-30T16:21:03.891183+00:00,INFO,no_executado,606,606,perguntar_operador,0.0001,,,,
142,2026-08-30T16:21:05.155874+00:00,INFO,no_executado,606,606,avaliar_informatividade,1.2109,,,,
143,2026-08-30T16:21:07.066729+00:00,INFO,no_executado,606,606,formular_pergunta_ishikawa,1.8566,,,,
144,2026-08-30T16:21:07.120636+00:00,INFO,no_executado,606,606,perguntar_operador,0.0001,,,,
145,2026-08-30T16:21:08.042614+00:00,INFO,no_executado,606,606,perguntar_operador,0.0001,,,,
146,2026-08-30T16:21:09.279003+00:00,INFO,no_executado,606,606,avaliar_informatividade,1.1827,,,,
147,2026-08-30T16:21:09.333059+00:00,INFO,no_executado,606,606,perguntar_operador,0.0001,,,,
148,2026-08-30T16:21:10.298293+00:00,INFO,no_executado,606,606,perguntar_operador,0.0001,,,,
149,2026-08-30T16:21:11.338764+00:00,INFO,no_executado,606,606,avaliar_informatividade,0.9837,,,,
150,2026-08-30T16:21:14.293960+00:00,INFO,no_executado,606,606,orquestrar_analise,2.9011,,,,
151,2026-08-30T16:21:16.675296+00:00,INFO,no_executado,606,606,formular_porque,2.3273,,,,
152,2026-08-30T16:21:17.965823+00:00,INFO,no_executado,606,606,pre_busca_rag,3.6166,,,,
153,2026-08-30T16:21:18.951691+00:00,INFO,no_executado,611,611,preparar_contexto,0.0011,,,,
154,2026-08-30T16:21:20.616287+00:00,INFO,no_executado,611,611,formular_pergunta_ishikawa,1.611,,,,
155,2026-08-30T16:21:20.671157+00:00,INFO,no_executado,611,611,perguntar_operador,0.0001,,,,
156,2026-08-30T16:21:22.008828+00:00,INFO,no_executado,611,611,perguntar_operador,0.0001,,,,
157,2026-08-30T16:21:23.528663+00:00,INFO,no_executado,611,611,avaliar_informatividade,1.4646,,,,
158,2026-08-30T16:21:24.866160+00:00,INFO,no_executado,611,611,formular_pergunta_ishikawa,1.2837,,,,
159,2026-08-30T16:21:24.920252+00:00,INFO,no_executado,611,611,perguntar_operador,0.0001,,,,
160,2026-08-30T16:21:25.914712+00:00,INFO,no_executado,611,611,perguntar_operador,0.0001,,,,
161,2026-08-30T16:21:27.490245+00:00,INFO,no_executado,611,611,avaliar_informatividade,1.5201,,,,
162,2026-08-30T16:21:34.067012+00:00,INFO,no_executado,611,611,formular_pergunta_ishikawa,6.5231,,,,
163,2026-08-30T16:21:34.121651+00:00,INFO,no_executado,611,611,perguntar_operador,0.0001,,,,
164,2026-08-30T16:21:34.933145+00:00,INFO,no_executado,611,611,perguntar_operador,0.0001,,,,
165,2026-08-30T16:21:36.376905+00:00,INFO,no_executado,611,611,avaliar_informatividade,1.388,,,,
166,2026-08-30T16:21:39.899261+00:00,INFO,no_executado,611,611,formular_pergunta_ishikawa,3.4687,,,,
167,2026-08-30T16:21:39.952886+00:00,INFO,no_executado,611,611,perguntar_operador,0.0001,,,,
168,2026-08-30T16:21:41.063258+00:00,INFO,no_executado,611,611,perguntar_operador,0.0001,,,,
169,2026-08-30T16:21:42.734197+00:00,INFO,no_executado,611,611,avaliar_informatividade,1.6159,,,,
170,2026-08-30T16:21:49.455957+00:00,INFO,no_executado,611,611,formular_pergunta_ishikawa,6.6675,,,,
171,2026-08-30T16:21:49.510286+00:00,INFO,no_executado,611,611,perguntar_operador,0.0001,,,,
172,2026-08-30T16:21:50.478832+00:00,INFO,no_executado,611,611,perguntar_operador,0.0001,,,,
173,2026-08-30T16:21:52.720994+00:00,INFO,no_executado,611,611,avaliar_informatividade,2.188,,,,
174,2026-08-30T16:22:01.594404+00:00,INFO,no_executado,611,611,formular_pergunta_ishikawa,8.8194,,,,
175,2026-08-30T16:22:01.648423+00:00,INFO,no_executado,611,611,perguntar_operador,0.0001,,,,
176,2026-08-30T16:22:02.451651+00:00,INFO,no_executado,611,611,perguntar_operador,0.0001,,,,
177,2026-08-30T16:22:05.896665+00:00,INFO,no_executado,611,611,avaliar_informatividade,3.3896,,,,
178,2026-08-30T16:22:05.950697+00:00,INFO,no_executado,611,611,perguntar_operador,0.0001,,,,
179,2026-08-30T16:22:06.899401+00:00,INFO,no_executado,611,611,perguntar_operador,0.0001,,,,
180,2026-08-30T16:22:09.432525+00:00,INFO,no_executado,611,611,avaliar_informatividade,2.4714,,,,
181,2026-08-30T16:22:12.021435+00:00,INFO,no_executado,611,611,orquestrar_analise,2.5351,,,,
182,2026-08-30T16:22:13.474277+00:00,INFO,no_executado,611,611,pre_busca_rag,1.3969,,,,
183,2026-08-30T16:22:20.073657+00:00,INFO,no_executado,611,611,formular_porque,7.9975,,,,
184,2026-08-30T16:23:01.906895+00:00,INFO,no_executado,614-debug-500,614,preparar_contexto,0.016,,,,
185,2026-08-30T16:23:04.095827+00:00,INFO,no_executado,614-debug-500,614,formular_pergunta_ishikawa,2.015,,,,
186,2026-08-30T16:23:04.263076+00:00,INFO,no_executado,614-debug-500,614,perguntar_operador,0.0,,,,
187,2026-08-30T16:23:04.961892+00:00,INFO,no_executado,614-debug-500,614,perguntar_operador,0.0,,,,
188,2026-08-30T16:23:06.637816+00:00,INFO,no_executado,614-debug-500,614,avaliar_informatividade,1.5,,,,
189,2026-08-30T16:23:08.499168+00:00,INFO,no_executado,614-debug-500,614,formular_pergunta_ishikawa,1.703,,,,
190,2026-08-30T16:23:08.836051+00:00,INFO,no_executado,614-debug-500,614,perguntar_operador,0.0,,,,
191,2026-08-30T16:23:09.560342+00:00,INFO,no_executado,614-debug-500,614,perguntar_operador,0.0,,,,
192,2026-08-30T16:23:11.296032+00:00,INFO,no_executado,614-debug-500,614,avaliar_informatividade,1.578,,,,
193,2026-08-30T16:23:13.130396+00:00,INFO,no_executado,614-debug-500,614,formular_pergunta_ishikawa,1.671,,,,
194,2026-08-30T16:23:13.296845+00:00,INFO,no_executado,614-debug-500,614,perguntar_operador,0.0,,,,
195,2026-08-30T16:23:14.020447+00:00,INFO,no_executado,614-debug-500,614,perguntar_operador,0.0,,,,
196,2026-08-30T16:23:15.920025+00:00,INFO,no_executado,614-debug-500,614,avaliar_informatividade,1.734,,,,
197,2026-08-30T16:23:16.099185+00:00,INFO,no_executado,614-debug-500,614,perguntar_operador,0.0,,,,
198,2026-08-30T16:23:16.815827+00:00,INFO,no_executado,614-debug-500,614,perguntar_operador,0.0,,,,
199,2026-08-30T16:23:18.473913+00:00,INFO,no_executado,614-debug-500,614,avaliar_informatividade,1.484,,,,
200,2026-08-30T16:23:20.164234+00:00,INFO,no_executado,614-debug-500,614,formular_pergunta_ishikawa,1.516,,,,
201,2026-08-30T16:23:20.339506+00:00,INFO,no_executado,614-debug-500,614,perguntar_operador,0.0,,,,
202,2026-08-30T16:23:21.056468+00:00,INFO,no_executado,614-debug-500,614,perguntar_operador,0.0,,,,
203,2026-08-30T16:23:22.776843+00:00,INFO,no_executado,614-debug-500,614,avaliar_informatividade,1.563,,,,
204,2026-08-30T16:23:22.943816+00:00,INFO,no_executado,614-debug-500,614,perguntar_operador,0.0,,,,
205,2026-08-30T16:23:23.651719+00:00,INFO,no_executado,614-debug-500,614,perguntar_operador,0.0,,,,
206,2026-08-30T16:23:25.263149+00:00,INFO,no_executado,614-debug-500,614,avaliar_informatividade,1.453,,,,
207,2026-08-30T16:23:26.946228+00:00,INFO,no_executado,614-debug-500,614,formular_pergunta_ishikawa,1.516,,,,
208,2026-08-30T16:23:27.111472+00:00,INFO,no_executado,614-debug-500,614,perguntar_operador,0.0,,,,
209,2026-08-30T16:26:23.831582+00:00,INFO,no_executado,609-debug-500,609,preparar_contexto,0.0,,,,
210,2026-08-30T16:26:25.834332+00:00,INFO,no_executado,609-debug-500,609,formular_pergunta_ishikawa,1.829,,,,
211,2026-08-30T16:26:26.004208+00:00,INFO,no_executado,609-debug-500,609,perguntar_operador,0.0,,,,
212,2026-08-30T16:26:26.685824+00:00,INFO,no_executado,609-debug-500,609,perguntar_operador,0.0,,,,
213,2026-08-30T16:26:28.268764+00:00,INFO,no_executado,609-debug-500,609,avaliar_informatividade,1.406,,,,
214,2026-08-30T16:26:30.205156+00:00,INFO,no_executado,609-debug-500,609,formular_pergunta_ishikawa,1.766,,,,
215,2026-08-30T16:26:30.533521+00:00,INFO,no_executado,609-debug-500,609,perguntar_operador,0.0,,,,
216,2026-08-30T16:26:31.228328+00:00,INFO,no_executado,609-debug-500,609,perguntar_operador,0.0,,,,
217,2026-08-30T16:26:33.525099+00:00,INFO,no_executado,609-debug-500,609,avaliar_informatividade,2.109,,,,
218,2026-08-30T16:26:33.690568+00:00,INFO,no_executado,609-debug-500,609,perguntar_operador,0.0,,,,
219,2026-08-30T16:26:34.385010+00:00,INFO,no_executado,609-debug-500,609,perguntar_operador,0.0,,,,
220,2026-08-30T16:26:36.169778+00:00,INFO,no_executado,609-debug-500,609,avaliar_informatividade,1.625,,,,
221,2026-08-30T16:26:37.976709+00:00,INFO,no_executado,609-debug-500,609,formular_pergunta_ishikawa,1.64,,,,
222,2026-08-30T16:26:38.155739+00:00,INFO,no_executado,609-debug-500,609,perguntar_operador,0.0,,,,
223,2026-08-30T16:26:38.858638+00:00,INFO,no_executado,609-debug-500,609,perguntar_operador,0.0,,,,
224,2026-08-30T16:26:40.619405+00:00,INFO,no_executado,609-debug-500,609,avaliar_informatividade,1.578,,,,
225,2026-08-30T16:26:42.281987+00:00,INFO,no_executado,609-debug-500,609,formular_pergunta_ishikawa,1.5,,,,
226,2026-08-30T16:26:42.449364+00:00,INFO,no_executado,609-debug-500,609,perguntar_operador,0.0,,,,
227,2026-08-30T16:26:43.151874+00:00,INFO,no_executado,609-debug-500,609,perguntar_operador,0.0,,,,
228,2026-08-30T16:26:44.942751+00:00,INFO,no_executado,609-debug-500,609,avaliar_informatividade,1.641,,,,
229,2026-08-30T16:26:46.725890+00:00,INFO,no_executado,609-debug-500,609,formular_pergunta_ishikawa,1.609,,,,
230,2026-08-30T16:26:46.891422+00:00,INFO,no_executado,609-debug-500,609,perguntar_operador,0.0,,,,
231,2026-08-30T16:26:47.597258+00:00,INFO,no_executado,609-debug-500,609,perguntar_operador,0.0,,,,
232,2026-08-30T16:26:49.183464+00:00,INFO,no_executado,609-debug-500,609,avaliar_informatividade,1.422,,,,
233,2026-08-30T16:26:51.407387+00:00,INFO,no_executado,609-debug-500,609,formular_pergunta_ishikawa,2.063,,,,
234,2026-08-30T16:26:51.574365+00:00,INFO,no_executado,609-debug-500,609,perguntar_operador,0.0,,,,
235,2026-08-30T16:26:52.292818+00:00,INFO,no_executado,609-debug-500,609,perguntar_operador,0.0,,,,
236,2026-08-30T16:26:54.066402+00:00,INFO,no_executado,609-debug-500,609,avaliar_informatividade,1.609,,,,
237,2026-08-30T16:26:54.233449+00:00,INFO,no_executado,609-debug-500,609,perguntar_operador,0.0,,,,
238,2026-08-30T16:27:27.588362+00:00,INFO,no_executado,610-debug-500,610,preparar_contexto,0.0,,,,
239,2026-08-30T16:27:29.576751+00:00,INFO,no_executado,610-debug-500,610,formular_pergunta_ishikawa,1.829,,,,
240,2026-08-30T16:27:29.752776+00:00,INFO,no_executado,610-debug-500,610,perguntar_operador,0.0,,,,
241,2026-08-30T16:27:30.452331+00:00,INFO,no_executado,610-debug-500,610,perguntar_operador,0.0,,,,
242,2026-08-30T16:27:31.962900+00:00,INFO,no_executado,610-debug-500,610,avaliar_informatividade,1.329,,,,
243,2026-08-30T16:27:33.662490+00:00,INFO,no_executado,610-debug-500,610,formular_pergunta_ishikawa,1.547,,,,
244,2026-08-30T16:27:33.996310+00:00,INFO,no_executado,610-debug-500,610,perguntar_operador,0.0,,,,
245,2026-08-30T16:27:34.700532+00:00,INFO,no_executado,610-debug-500,610,perguntar_operador,0.0,,,,
246,2026-08-30T16:27:36.535856+00:00,INFO,no_executado,610-debug-500,610,avaliar_informatividade,1.672,,,,
247,2026-08-30T16:27:38.341947+00:00,INFO,no_executado,610-debug-500,610,formular_pergunta_ishikawa,1.64,,,,
248,2026-08-30T16:27:38.496098+00:00,INFO,no_executado,610-debug-500,610,perguntar_operador,0.0,,,,
249,2026-08-30T16:27:39.216802+00:00,INFO,no_executado,610-debug-500,610,perguntar_operador,0.0,,,,
250,2026-08-30T16:27:41.002917+00:00,INFO,no_executado,610-debug-500,610,avaliar_informatividade,1.609,,,,
251,2026-08-30T16:27:42.618283+00:00,INFO,no_executado,610-debug-500,610,formular_pergunta_ishikawa,1.453,,,,
252,2026-08-30T16:27:42.786180+00:00,INFO,no_executado,610-debug-500,610,perguntar_operador,0.0,,,,
253,2026-08-30T16:27:43.494330+00:00,INFO,no_executado,610-debug-500,610,perguntar_operador,0.0,,,,
254,2026-08-30T16:27:45.159679+00:00,INFO,no_executado,610-debug-500,610,avaliar_informatividade,1.5,,,,
255,2026-08-30T16:27:46.839786+00:00,INFO,no_executado,610-debug-500,610,formular_pergunta_ishikawa,1.531,,,,
256,2026-08-30T16:27:46.999285+00:00,INFO,no_executado,610-debug-500,610,perguntar_operador,0.0,,,,
257,2026-08-30T16:27:47.737041+00:00,INFO,no_executado,610-debug-500,610,perguntar_operador,0.0,,,,
258,2026-08-30T16:27:49.461147+00:00,INFO,no_executado,610-debug-500,610,avaliar_informatividade,1.547,,,,
259,2026-08-30T16:27:51.706002+00:00,INFO,no_executado,610-debug-500,610,formular_pergunta_ishikawa,2.094,,,,
260,2026-08-30T16:27:51.872963+00:00,INFO,no_executado,610-debug-500,610,perguntar_operador,0.0,,,,
261,2026-08-30T16:27:52.607911+00:00,INFO,no_executado,610-debug-500,610,perguntar_operador,0.0,,,,
262,2026-08-30T16:27:54.384755+00:00,INFO,no_executado,610-debug-500,610,avaliar_informatividade,1.593,,,,
263,2026-08-30T16:27:54.546547+00:00,INFO,no_executado,610-debug-500,610,perguntar_operador,0.0,,,,
264,2026-08-30T16:27:55.281897+00:00,INFO,no_executado,610-debug-500,610,perguntar_operador,0.0,,,,
265,2026-08-30T16:27:56.852438+00:00,INFO,no_executado,610-debug-500,610,avaliar_informatividade,1.39,,,,
266,2026-08-30T16:27:59.632577+00:00,INFO,no_executado,610-debug-500,610,orquestrar_analise,2.609,,,,
267,2026-08-30T16:28:01.768626+00:00,INFO,no_executado,610-debug-500,610,formular_porque,1.969,,,,
268,2026-08-30T16:28:03.501260+00:00,INFO,no_executado,610-debug-500,610,pre_busca_rag,3.703,,,,
269,2026-08-30T16:54:12.030176+00:00,INFO,no_executado,606,606,preparar_contexto,0.0112,,,,
270,2026-08-30T16:54:17.709003+00:00,INFO,no_executado,606,606,formular_pergunta_ishikawa,5.6237,,,,
271,2026-08-30T16:54:17.765286+00:00,INFO,no_executado,606,606,perguntar_operador,0.0007,,,,
272,2026-08-30T16:54:18.539950+00:00,INFO,no_executado,606,606,perguntar_operador,0.0001,,,,
273,2026-08-30T16:54:19.795396+00:00,INFO,no_executado,606,606,avaliar_informatividade,1.2005,,,,
274,2026-08-30T16:54:21.770671+00:00,INFO,no_executado,606,606,formular_pergunta_ishikawa,1.9206,,,,
275,2026-08-30T16:54:21.877938+00:00,INFO,no_executado,606,606,perguntar_operador,0.0001,,,,
276,2026-08-30T16:54:23.092624+00:00,INFO,no_executado,606,606,perguntar_operador,0.0001,,,,
277,2026-08-30T16:54:24.674135+00:00,INFO,no_executado,606,606,avaliar_informatividade,1.5254,,,,
278,2026-08-30T16:54:26.356318+00:00,INFO,no_executado,606,606,formular_pergunta_ishikawa,1.6276,,,,
279,2026-08-30T16:54:26.411068+00:00,INFO,no_executado,606,606,perguntar_operador,0.0001,,,,
280,2026-08-30T16:54:27.229957+00:00,INFO,no_executado,606,606,perguntar_operador,0.0001,,,,
281,2026-08-30T16:54:29.058472+00:00,INFO,no_executado,606,606,avaliar_informatividade,1.7735,,,,
282,2026-08-30T16:54:29.113351+00:00,INFO,no_executado,606,606,perguntar_operador,0.0001,,,,
283,2026-08-30T16:54:30.286283+00:00,INFO,no_executado,606,606,perguntar_operador,0.0001,,,,
284,2026-08-30T16:54:31.708304+00:00,INFO,no_executado,606,606,avaliar_informatividade,1.3674,,,,
285,2026-08-30T16:54:33.181151+00:00,INFO,no_executado,606,606,formular_pergunta_ishikawa,1.4183,,,,
286,2026-08-30T16:54:33.235887+00:00,INFO,no_executado,606,606,perguntar_operador,0.0001,,,,
287,2026-08-30T16:54:34.045838+00:00,INFO,no_executado,606,606,perguntar_operador,0.0001,,,,
288,2026-08-30T16:54:35.358540+00:00,INFO,no_executado,606,606,avaliar_informatividade,1.2565,,,,
289,2026-08-30T16:54:35.412923+00:00,INFO,no_executado,606,606,perguntar_operador,0.0001,,,,
290,2026-08-30T16:54:36.179073+00:00,INFO,no_executado,606,606,perguntar_operador,0.0001,,,,
291,2026-08-30T16:54:37.664354+00:00,INFO,no_executado,606,606,avaliar_informatividade,1.4271,,,,
292,2026-08-30T16:54:39.079229+00:00,INFO,no_executado,606,606,formular_pergunta_ishikawa,1.3606,,,,
293,2026-08-30T16:54:39.134040+00:00,INFO,no_executado,606,606,perguntar_operador,0.0001,,,,
294,2026-08-30T16:54:40.056070+00:00,INFO,no_executado,606,606,perguntar_operador,0.0001,,,,
295,2026-08-30T16:54:41.264394+00:00,INFO,no_executado,606,606,avaliar_informatividade,1.1525,,,,
296,2026-08-30T16:54:41.318593+00:00,INFO,no_executado,606,606,perguntar_operador,0.0001,,,,
297,2026-08-30T16:54:42.097039+00:00,INFO,no_executado,606,606,perguntar_operador,0.0001,,,,
298,2026-08-30T16:54:43.692168+00:00,INFO,no_executado,606,606,avaliar_informatividade,1.5408,,,,
299,2026-08-30T16:54:45.603101+00:00,INFO,no_executado,606,606,formular_pergunta_ishikawa,1.8563,,,,
300,2026-08-30T16:54:45.657245+00:00,INFO,no_executado,606,606,perguntar_operador,0.0001,,,,
301,2026-08-30T16:54:46.458539+00:00,INFO,no_executado,606,606,perguntar_operador,0.0001,,,,
302,2026-08-30T16:54:48.102981+00:00,INFO,no_executado,606,606,avaliar_informatividade,1.5886,,,,
303,2026-08-30T16:54:48.158205+00:00,INFO,no_executado,606,606,perguntar_operador,0.0001,,,,
304,2026-08-30T16:54:48.926513+00:00,INFO,no_executado,606,606,perguntar_operador,0.0001,,,,
305,2026-08-30T16:54:51.286711+00:00,INFO,no_executado,606,606,avaliar_informatividade,2.3019,,,,
306,2026-08-30T16:54:53.951790+00:00,INFO,no_executado,606,606,orquestrar_analise,2.6105,,,,
307,2026-08-30T16:54:56.337579+00:00,INFO,no_executado,606,606,formular_porque,2.3306,,,,
308,2026-08-30T16:54:57.597252+00:00,WARNING,"Busca RAG falhou (embeddings), seguindo sem candidatos.",,,,,,,,
309,2026-08-30T16:54:57.650380+00:00,INFO,no_executado,606,606,pre_busca_rag,3.6425,,,,
310,2026-08-30T16:54:57.704377+00:00,INFO,no_executado,606,606,perguntar_operador,0.0001,,,,
311,2026-08-30T16:54:58.889063+00:00,INFO,no_executado,606,606,perguntar_operador,0.0001,,,,
312,2026-08-30T16:55:00.356014+00:00,INFO,no_executado,606,606,avaliar_informatividade,1.4126,,,,
313,2026-08-30T16:55:00.410436+00:00,INFO,no_executado,606,606,perguntar_operador,0.0001,,,,
314,2026-08-30T16:55:02.256331+00:00,INFO,no_executado,611,611,preparar_contexto,0.0007,,,,
315,2026-08-30T16:55:03.591447+00:00,INFO,no_executado,611,611,formular_pergunta_ishikawa,1.2812,,,,
316,2026-08-30T16:55:03.646221+00:00,INFO,no_executado,611,611,perguntar_operador,0.0001,,,,
317,2026-08-30T16:55:04.402061+00:00,INFO,no_executado,611,611,perguntar_operador,0.0001,,,,
318,2026-08-30T16:55:05.515800+00:00,INFO,no_executado,611,611,avaliar_informatividade,1.0583,,,,
319,2026-08-30T16:55:06.812750+00:00,INFO,no_executado,611,611,formular_pergunta_ishikawa,1.242,,,,
320,2026-08-30T16:55:06.867221+00:00,INFO,no_executado,611,611,perguntar_operador,0.0001,,,,
321,2026-08-30T16:55:07.612717+00:00,INFO,no_executado,611,611,perguntar_operador,0.0001,,,,
322,2026-08-30T16:55:09.203529+00:00,INFO,no_executado,611,611,avaliar_informatividade,1.5344,,,,
323,2026-08-30T16:55:10.584910+00:00,INFO,no_executado,611,611,formular_pergunta_ishikawa,1.3273,,,,
324,2026-08-30T16:55:10.639268+00:00,INFO,no_executado,611,611,perguntar_operador,0.0001,,,,
325,2026-08-30T16:55:11.400362+00:00,INFO,no_executado,611,611,perguntar_operador,0.0001,,,,
326,2026-08-30T16:55:12.935030+00:00,INFO,no_executado,611,611,avaliar_informatividade,1.4801,,,,
327,2026-08-30T16:55:14.303574+00:00,INFO,no_executado,611,611,formular_pergunta_ishikawa,1.3144,,,,
328,2026-08-30T16:55:14.358305+00:00,INFO,no_executado,611,611,perguntar_operador,0.0001,,,,
329,2026-08-30T16:55:15.091897+00:00,INFO,no_executado,611,611,perguntar_operador,0.0001,,,,
330,2026-08-30T16:55:17.589196+00:00,INFO,no_executado,611,611,avaliar_informatividade,2.4425,,,,
331,2026-08-30T16:55:23.264737+00:00,INFO,no_executado,611,611,formular_pergunta_ishikawa,5.6213,,,,
332,2026-08-30T16:55:23.320143+00:00,INFO,no_executado,611,611,perguntar_operador,0.0001,,,,
333,2026-08-30T16:55:24.295062+00:00,INFO,no_executado,611,611,perguntar_operador,0.0001,,,,
334,2026-08-30T16:55:25.675984+00:00,INFO,no_executado,611,611,avaliar_informatividade,1.3246,,,,
335,2026-08-30T16:55:31.215248+00:00,INFO,no_executado,611,611,formular_pergunta_ishikawa,5.4845,,,,
336,2026-08-30T16:55:31.269684+00:00,INFO,no_executado,611,611,perguntar_operador,0.0001,,,,
337,2026-08-30T16:55:32.287475+00:00,INFO,no_executado,611,611,perguntar_operador,0.0001,,,,
338,2026-08-30T16:55:33.825738+00:00,INFO,no_executado,611,611,avaliar_informatividade,1.4833,,,,
339,2026-08-30T16:55:33.880187+00:00,INFO,no_executado,611,611,perguntar_operador,0.0001,,,,
340,2026-08-30T16:55:34.892047+00:00,INFO,no_executado,611,611,perguntar_operador,0.0001,,,,
341,2026-08-30T16:55:38.381067+00:00,INFO,no_executado,611,611,avaliar_informatividade,3.4347,,,,
342,2026-08-30T16:55:45.122280+00:00,INFO,no_executado,611,611,orquestrar_analise,6.6868,,,,
343,2026-08-30T16:55:46.842093+00:00,WARNING,"Busca RAG falhou (embeddings), seguindo sem candidatos.",,,,,,,,
344,2026-08-30T16:55:46.895431+00:00,INFO,no_executado,611,611,pre_busca_rag,1.7187,,,,
345,2026-08-30T16:55:52.452277+00:00,INFO,no_executado,611,611,formular_porque,7.2747,,,,
346,2026-08-30T16:55:52.507044+00:00,INFO,no_executado,611,611,perguntar_operador,0.0001,,,,
347,2026-08-30T16:55:53.532093+00:00,INFO,no_executado,611,611,perguntar_operador,0.0001,,,,
348,2026-08-30T16:55:57.833007+00:00,INFO,no_executado,611,611,avaliar_informatividade,4.2461,,,,
349,2026-08-30T16:56:04.559839+00:00,INFO,no_executado,611,611,formular_porque,6.6728,,,,
350,2026-08-30T16:56:04.614048+00:00,INFO,no_executado,611,611,perguntar_operador,0.0001,,,,
351,2026-08-30T16:56:05.384665+00:00,INFO,no_executado,611,611,perguntar_operador,0.0001,,,,
352,2026-08-30T16:56:06.806546+00:00,INFO,no_executado,611,611,avaliar_informatividade,1.3668,,,,
353,2026-08-30T16:56:06.861252+00:00,INFO,no_executado,611,611,perguntar_operador,0.0001,,,,
354,2026-08-30T16:56:08.388274+00:00,INFO,no_executado,611,611,perguntar_operador,0.0001,,,,
355,2026-08-30T16:56:09.749233+00:00,INFO,no_executado,611,611,avaliar_informatividade,1.3053,,,,
356,2026-08-30T16:56:16.167750+00:00,INFO,no_executado,611,611,formular_porque,6.364,,,,
357,2026-08-30T16:56:16.222148+00:00,INFO,no_executado,611,611,perguntar_operador,0.0001,,,,
358,2026-08-30T16:56:17.020291+00:00,INFO,no_executado,611,611,perguntar_operador,0.0001,,,,
359,2026-08-30T16:56:19.453369+00:00,INFO,no_executado,611,611,avaliar_informatividade,2.3783,,,,
360,2026-08-30T16:56:23.895124+00:00,INFO,no_executado,611,611,formular_porque,4.3869,,,,
361,2026-08-30T16:56:24.036417+00:00,INFO,no_executado,611,611,perguntar_operador,0.0001,,,,
362,2026-08-30T16:57:31.285464+00:00,INFO,no_executado,606,606,preparar_contexto,0.0009,,,,
363,2026-08-30T16:57:33.086441+00:00,INFO,no_executado,606,606,formular_pergunta_ishikawa,1.7472,,,,
364,2026-08-30T16:57:33.140909+00:00,INFO,no_executado,606,606,perguntar_operador,0.0001,,,,
365,2026-08-30T16:57:33.883094+00:00,INFO,no_executado,606,606,perguntar_operador,0.0001,,,,
366,2026-08-30T16:57:35.329353+00:00,INFO,no_executado,606,606,avaliar_informatividade,1.3918,,,,
367,2026-08-30T16:57:37.047584+00:00,INFO,no_executado,606,606,formular_pergunta_ishikawa,1.6619,,,,
368,2026-08-30T16:57:37.101697+00:00,INFO,no_executado,606,606,perguntar_operador,0.0001,,,,
369,2026-08-30T16:57:37.842346+00:00,INFO,no_executado,606,606,perguntar_operador,0.0001,,,,
370,2026-08-30T16:57:39.231013+00:00,INFO,no_executado,606,606,avaliar_informatividade,1.3306,,,,
371,2026-08-30T16:57:40.755428+00:00,INFO,no_executado,606,606,formular_pergunta_ishikawa,1.4699,,,,
372,2026-08-30T16:57:40.812146+00:00,INFO,no_executado,606,606,perguntar_operador,0.0001,,,,
373,2026-08-30T16:57:42.048601+00:00,INFO,no_executado,606,606,perguntar_operador,0.0001,,,,
374,2026-08-30T16:57:43.831837+00:00,INFO,no_executado,606,606,avaliar_informatividade,1.7288,,,,
375,2026-08-30T16:57:43.886265+00:00,INFO,no_executado,606,606,perguntar_operador,0.0001,,,,
376,2026-08-30T16:57:44.660327+00:00,INFO,no_executado,606,606,perguntar_operador,0.0001,,,,
377,2026-08-30T16:57:46.533493+00:00,INFO,no_executado,606,606,avaliar_informatividade,1.8151,,,,
378,2026-08-30T16:57:48.156958+00:00,INFO,no_executado,606,606,formular_pergunta_ishikawa,1.5654,,,,
379,2026-08-30T16:57:48.212125+00:00,INFO,no_executado,606,606,perguntar_operador,0.0001,,,,
380,2026-08-30T16:57:49.419969+00:00,INFO,no_executado,606,606,perguntar_operador,0.0001,,,,
381,2026-08-30T16:57:51.111325+00:00,INFO,no_executado,606,606,avaliar_informatividade,1.6342,,,,
382,2026-08-30T16:57:51.166249+00:00,INFO,no_executado,606,606,perguntar_operador,0.0001,,,,
383,2026-08-30T16:57:51.944438+00:00,INFO,no_executado,606,606,perguntar_operador,0.0001,,,,
384,2026-08-30T16:57:53.552000+00:00,INFO,no_executado,606,606,avaliar_informatividade,1.5512,,,,
385,2026-08-30T16:57:55.134222+00:00,INFO,no_executado,606,606,formular_pergunta_ishikawa,1.5277,,,,
386,2026-08-30T16:57:55.188695+00:00,INFO,no_executado,606,606,perguntar_operador,0.0001,,,,
387,2026-08-30T16:57:55.972279+00:00,INFO,no_executado,606,606,perguntar_operador,0.0001,,,,
388,2026-08-30T16:57:57.507802+00:00,INFO,no_executado,606,606,avaliar_informatividade,1.4806,,,,
389,2026-08-30T16:57:59.211327+00:00,INFO,no_executado,606,606,formular_pergunta_ishikawa,1.6491,,,,
390,2026-08-30T16:57:59.266169+00:00,INFO,no_executado,606,606,perguntar_operador,0.0001,,,,
391,2026-08-30T16:58:00.017158+00:00,INFO,no_executado,606,606,perguntar_operador,0.0001,,,,
392,2026-08-30T16:58:01.450115+00:00,INFO,no_executado,606,606,avaliar_informatividade,1.3757,,,,
393,2026-08-30T16:58:01.504472+00:00,INFO,no_executado,606,606,perguntar_operador,0.0001,,,,
394,2026-08-30T16:58:02.278319+00:00,INFO,no_executado,606,606,perguntar_operador,0.0001,,,,
395,2026-08-30T16:58:03.646638+00:00,INFO,no_executado,606,606,avaliar_informatividade,1.3137,,,,
396,2026-08-30T16:58:06.149413+00:00,INFO,no_executado,606,606,orquestrar_analise,2.4477,,,,
397,2026-08-30T16:58:08.236641+00:00,INFO,no_executado,606,606,formular_porque,2.0319,,,,
398,2026-08-30T16:58:09.396099+00:00,WARNING,"Busca RAG falhou (embeddings), seguindo sem candidatos.",,,,,,,,
399,2026-08-30T16:58:09.449684+00:00,INFO,no_executado,606,606,pre_busca_rag,3.246,,,,
400,2026-08-30T16:58:09.503611+00:00,INFO,no_executado,606,606,perguntar_operador,0.0001,,,,
401,2026-08-30T16:58:10.259104+00:00,INFO,no_executado,606,606,perguntar_operador,0.0001,,,,
402,2026-08-30T16:58:11.712426+00:00,INFO,no_executado,606,606,avaliar_informatividade,1.3984,,,,
403,2026-08-30T16:58:11.766761+00:00,INFO,no_executado,606,606,perguntar_operador,0.0001,,,,
404,2026-08-30T16:58:12.527717+00:00,INFO,no_executado,606,606,perguntar_operador,0.0001,,,,
405,2026-08-30T16:58:14.006825+00:00,INFO,no_executado,606,606,avaliar_informatividade,1.4236,,,,
406,2026-08-30T16:58:18.413062+00:00,INFO,no_executado,606,606,formular_porque,4.3508,,,,
407,2026-08-30T16:58:18.470255+00:00,INFO,no_executado,606,606,perguntar_operador,0.0001,,,,
408,2026-08-30T16:58:19.649881+00:00,INFO,no_executado,606,606,perguntar_operador,0.0001,,,,
409,2026-08-30T16:58:21.137616+00:00,INFO,no_executado,606,606,avaliar_informatividade,1.4294,,,,
410,2026-08-30T16:58:23.788887+00:00,INFO,no_executado,606,606,formular_porque,2.5966,,,,
411,2026-08-30T16:58:23.843696+00:00,INFO,no_executado,606,606,perguntar_operador,0.0001,,,,
412,2026-08-30T16:58:25.095286+00:00,INFO,no_executado,606,606,perguntar_operador,0.0001,,,,
413,2026-08-30T16:58:29.632956+00:00,INFO,no_executado,606,606,avaliar_informatividade,4.4815,,,,
414,2026-08-30T16:58:29.689427+00:00,INFO,no_executado,606,606,perguntar_operador,0.0001,,,,
415,2026-08-30T16:58:30.483576+00:00,INFO,no_executado,606,606,perguntar_operador,0.0001,,,,
416,2026-08-30T16:58:32.014919+00:00,INFO,no_executado,606,606,avaliar_informatividade,1.475,,,,
417,2026-08-30T16:58:37.093532+00:00,INFO,no_executado,606,606,formular_porque,5.0114,,,,
418,2026-08-30T16:58:37.148114+00:00,INFO,no_executado,606,606,perguntar_operador,0.0001,,,,
419,2026-08-30T16:58:37.919023+00:00,INFO,no_executado,606,606,perguntar_operador,0.0001,,,,
420,2026-08-30T16:58:43.236733+00:00,INFO,no_executado,606,606,avaliar_informatividade,5.2631,,,,
421,2026-08-30T16:58:43.291356+00:00,INFO,no_executado,606,606,perguntar_operador,0.0001,,,,
422,2026-08-30T16:58:44.275177+00:00,INFO,no_executado,606,606,perguntar_operador,0.0001,,,,
423,2026-08-30T16:58:45.649662+00:00,INFO,no_executado,606,606,avaliar_informatividade,1.3193,,,,
424,2026-08-30T16:58:52.316796+00:00,INFO,no_executado,606,606,formular_porque,6.613,,,,
425,2026-08-30T16:58:52.371155+00:00,INFO,no_executado,606,606,perguntar_operador,0.0001,,,,
426,2026-08-30T16:58:53.343524+00:00,INFO,no_executado,606,606,perguntar_operador,0.0001,,,,
427,2026-08-30T16:58:54.952662+00:00,INFO,no_executado,606,606,avaliar_informatividade,1.554,,,,
428,2026-08-30T16:58:55.007731+00:00,INFO,no_executado,606,606,perguntar_operador,0.0001,,,,
429,2026-08-30T16:58:55.870073+00:00,INFO,no_executado,606,606,perguntar_operador,0.0001,,,,
430,2026-08-30T16:59:00.243397+00:00,INFO,no_executado,606,606,avaliar_informatividade,4.3184,,,,
431,2026-08-30T16:59:07.193941+00:00,INFO,no_executado,606,606,gerar_causa_raiz,6.8957,,,,
432,2026-08-30T16:59:17.926761+00:00,INFO,no_executado,606,606,recomendar_tratativa,10.6784,,,,
433,2026-08-30T16:59:20.412678+00:00,INFO,no_executado,611,611,preparar_contexto,0.0008,,,,
434,2026-08-30T16:59:29.869606+00:00,INFO,no_executado,611,611,formular_pergunta_ishikawa,9.4032,,,,
435,2026-08-30T16:59:29.924383+00:00,INFO,no_executado,611,611,perguntar_operador,0.0001,,,,
436,2026-08-30T16:59:31.241138+00:00,INFO,no_executado,611,611,perguntar_operador,0.0001,,,,
437,2026-08-30T16:59:32.650735+00:00,INFO,no_executado,611,611,avaliar_informatividade,1.3554,,,,
438,2026-08-30T16:59:34.081752+00:00,INFO,no_executado,611,611,formular_pergunta_ishikawa,1.3768,,,,
439,2026-08-30T16:59:34.136485+00:00,INFO,no_executado,611,611,perguntar_operador,0.0001,,,,
440,2026-08-30T16:59:35.515907+00:00,INFO,no_executado,611,611,perguntar_operador,0.0001,,,,
441,2026-08-30T16:59:42.525019+00:00,INFO,no_executado,611,611,avaliar_informatividade,6.9532,,,,
442,2026-08-30T16:59:44.258259+00:00,INFO,no_executado,611,611,formular_pergunta_ishikawa,1.6786,,,,
443,2026-08-30T16:59:44.314954+00:00,INFO,no_executado,611,611,perguntar_operador,0.0001,,,,
444,2026-08-30T16:59:45.290063+00:00,INFO,no_executado,611,611,perguntar_operador,0.0001,,,,
445,2026-08-30T16:59:49.085366+00:00,INFO,no_executado,611,611,avaliar_informatividade,3.7406,,,,
446,2026-08-30T16:59:53.742710+00:00,INFO,no_executado,611,611,formular_pergunta_ishikawa,4.6027,,,,
447,2026-08-30T16:59:53.798432+00:00,INFO,no_executado,611,611,perguntar_operador,0.0001,,,,
448,2026-08-30T16:59:55.115449+00:00,INFO,no_executado,611,611,perguntar_operador,0.0001,,,,
449,2026-08-30T16:59:56.910906+00:00,INFO,no_executado,611,611,avaliar_informatividade,1.7403,,,,
450,2026-08-30T17:00:05.532669+00:00,INFO,no_executado,611,611,formular_pergunta_ishikawa,8.5673,,,,
451,2026-08-30T17:00:05.593688+00:00,INFO,no_executado,611,611,perguntar_operador,0.0001,,,,
452,2026-08-30T17:00:06.437296+00:00,INFO,no_executado,611,611,perguntar_operador,0.0001,,,,
453,2026-08-30T17:00:08.120401+00:00,INFO,no_executado,611,611,avaliar_informatividade,1.6262,,,,
454,2026-08-30T17:00:12.095581+00:00,INFO,no_executado,611,611,formular_pergunta_ishikawa,3.9203,,,,
455,2026-08-30T17:00:12.151403+00:00,INFO,no_executado,611,611,perguntar_operador,0.0001,,,,
456,2026-08-30T17:00:13.107130+00:00,INFO,no_executado,611,611,perguntar_operador,0.0001,,,,
457,2026-08-30T17:00:20.803061+00:00,INFO,no_executado,611,611,avaliar_informatividade,7.6405,,,,
458,2026-08-30T17:00:20.857388+00:00,INFO,no_executado,611,611,perguntar_operador,0.0001,,,,
459,2026-08-30T17:00:21.841227+00:00,INFO,no_executado,611,611,perguntar_operador,0.0001,,,,
460,2026-08-30T17:00:25.436067+00:00,INFO,no_executado,611,611,avaliar_informatividade,3.5393,,,,
461,2026-08-30T17:00:31.097343+00:00,INFO,no_executado,611,611,orquestrar_analise,5.6063,,,,
462,2026-08-30T17:00:32.642272+00:00,WARNING,"Busca RAG falhou (embeddings), seguindo sem candidatos.",,,,,,,,
463,2026-08-30T17:00:32.695826+00:00,INFO,no_executado,611,611,pre_busca_rag,1.5418,,,,
464,2026-08-30T17:00:38.270210+00:00,INFO,no_executado,611,611,formular_porque,7.1181,,,,
465,2026-08-30T17:00:38.324950+00:00,INFO,no_executado,611,611,perguntar_operador,0.0001,,,,
466,2026-08-30T17:00:39.256688+00:00,INFO,no_executado,611,611,perguntar_operador,0.0001,,,,
467,2026-08-30T17:00:41.607519+00:00,INFO,no_executado,611,611,avaliar_informatividade,2.2947,,,,
468,2026-08-30T17:00:41.661869+00:00,INFO,no_executado,611,611,perguntar_operador,0.0001,,,,
469,2026-08-30T17:00:42.520312+00:00,INFO,no_executado,611,611,perguntar_operador,0.0001,,,,
470,2026-08-30T17:00:43.930245+00:00,INFO,no_executado,611,611,avaliar_informatividade,1.3536,,,,
471,2026-08-30T17:00:48.574653+00:00,INFO,no_executado,611,611,formular_porque,4.5891,,,,
472,2026-08-30T17:00:48.630203+00:00,INFO,no_executado,611,611,perguntar_operador,0.0001,,,,
473,2026-08-30T17:00:49.586159+00:00,INFO,no_executado,611,611,perguntar_operador,0.0001,,,,
474,2026-08-30T17:00:52.144810+00:00,INFO,no_executado,611,611,avaliar_informatividade,2.5022,,,,
475,2026-08-30T17:00:58.841823+00:00,INFO,no_executado,611,611,formular_porque,6.6423,,,,
476,2026-08-30T17:00:58.896858+00:00,INFO,no_executado,611,611,perguntar_operador,0.0001,,,,
477,2026-08-30T17:01:00.178030+00:00,INFO,no_executado,611,611,perguntar_operador,0.0001,,,,
478,2026-08-30T17:01:01.759163+00:00,INFO,no_executado,611,611,avaliar_informatividade,1.5256,,,,
479,2026-08-30T17:01:09.133415+00:00,INFO,no_executado,611,611,formular_porque,7.32,,,,
480,2026-08-30T17:01:09.188135+00:00,INFO,no_executado,611,611,perguntar_operador,0.0001,,,,
481,2026-08-30T17:01:10.826116+00:00,INFO,no_executado,611,611,perguntar_operador,0.0001,,,,
482,2026-08-30T17:01:12.141987+00:00,INFO,no_executado,611,611,avaliar_informatividade,1.2582,,,,
483,2026-08-30T17:01:14.754335+00:00,INFO,no_executado,611,611,formular_porque,2.5575,,,,
484,2026-08-30T17:01:14.810105+00:00,INFO,no_executado,611,611,perguntar_operador,0.0001,,,,
485,2026-08-30T17:01:15.831147+00:00,INFO,no_executado,611,611,perguntar_operador,0.0001,,,,
486,2026-08-30T17:01:17.467830+00:00,INFO,no_executado,611,611,avaliar_informatividade,1.5795,,,,
487,2026-08-30T17:01:17.522292+00:00,INFO,no_executado,611,611,perguntar_operador,0.0001,,,,
488,2026-08-30T17:01:18.526556+00:00,INFO,no_executado,611,611,perguntar_operador,0.0001,,,,
489,2026-08-30T17:01:22.084341+00:00,INFO,no_executado,611,611,avaliar_informatividade,3.5033,,,,
490,2026-08-30T17:01:29.906788+00:00,INFO,no_executado,611,611,gerar_causa_raiz,7.7678,,,,
491,2026-08-30T17:01:38.852541+00:00,INFO,no_executado,611,611,recomendar_tratativa,8.8917,,,,
492,2026-08-30T17:06:35.561636+00:00,INFO,no_executado,606,606,preparar_contexto,0.0009,,,,
493,2026-08-30T17:06:37.595402+00:00,INFO,no_executado,606,606,formular_pergunta_ishikawa,1.9796,,,,
494,2026-08-30T17:06:37.650118+00:00,INFO,no_executado,606,606,perguntar_operador,0.0001,,,,
495,2026-08-30T17:07:05.572446+00:00,INFO,no_executado,606,606,perguntar_operador,0.0001,,,,
496,2026-08-30T17:07:07.133929+00:00,INFO,no_executado,606,606,avaliar_informatividade,1.5052,,,,
497,2026-08-30T17:07:09.026142+00:00,INFO,no_executado,606,606,formular_pergunta_ishikawa,1.8361,,,,
498,2026-08-30T17:07:09.081952+00:00,INFO,no_executado,606,606,perguntar_operador,0.0001,,,,
499,2026-08-30T17:07:12.888911+00:00,INFO,no_executado,606,606,perguntar_operador,0.0001,,,,
500,2026-08-30T17:07:14.356828+00:00,INFO,no_executado,606,606,avaliar_informatividade,1.4134,,,,
501,2026-08-30T17:07:16.234112+00:00,INFO,no_executado,606,606,formular_pergunta_ishikawa,1.8227,,,,
502,2026-08-30T17:07:16.288323+00:00,INFO,no_executado,606,606,perguntar_operador,0.0001,,,,
503,2026-08-30T17:07:21.412241+00:00,INFO,no_executado,606,606,perguntar_operador,0.0001,,,,
504,2026-08-30T17:07:23.016397+00:00,INFO,no_executado,606,606,avaliar_informatividade,1.5491,,,,
505,2026-08-30T17:07:23.070616+00:00,INFO,no_executado,606,606,perguntar_operador,0.0001,,,,
506,2026-08-30T17:07:25.268195+00:00,INFO,no_executado,606,606,perguntar_operador,0.0001,,,,
507,2026-08-30T17:07:26.677482+00:00,INFO,no_executado,606,606,avaliar_informatividade,1.3544,,,,
508,2026-08-30T17:07:28.133340+00:00,INFO,no_executado,606,606,formular_pergunta_ishikawa,1.4013,,,,
509,2026-08-30T17:07:28.188050+00:00,INFO,no_executado,606,606,perguntar_operador,0.0001,,,,
510,2026-08-30T17:07:30.112705+00:00,INFO,no_executado,606,606,perguntar_operador,0.0001,,,,
511,2026-08-30T17:07:31.404210+00:00,INFO,no_executado,606,606,avaliar_informatividade,1.2363,,,,
512,2026-08-30T17:07:31.461236+00:00,INFO,no_executado,606,606,perguntar_operador,0.0001,,,,
513,2026-08-30T17:07:35.673918+00:00,INFO,no_executado,606,606,perguntar_operador,0.0001,,,,
514,2026-08-30T17:07:37.065967+00:00,INFO,no_executado,606,606,avaliar_informatividade,1.3373,,,,
515,2026-08-30T17:07:38.744596+00:00,INFO,no_executado,606,606,formular_pergunta_ishikawa,1.6242,,,,
516,2026-08-30T17:07:38.799266+00:00,INFO,no_executado,606,606,perguntar_operador,0.0001,,,,
517,2026-08-30T17:07:48.374520+00:00,INFO,no_executado,606,606,perguntar_operador,0.0001,,,,
518,2026-08-30T17:07:49.923108+00:00,INFO,no_executado,606,606,avaliar_informatividade,1.4945,,,,
519,2026-08-30T17:07:49.978320+00:00,INFO,no_executado,606,606,perguntar_operador,0.0001,,,,
520,2026-08-30T17:07:53.832857+00:00,INFO,no_executado,606,606,perguntar_operador,0.0001,,,,
521,2026-08-30T17:07:55.675459+00:00,INFO,no_executado,606,606,avaliar_informatividade,1.7853,,,,
522,2026-08-30T17:07:57.314858+00:00,INFO,no_executado,606,606,formular_pergunta_ishikawa,1.5848,,,,
523,2026-08-30T17:07:57.371053+00:00,INFO,no_executado,606,606,perguntar_operador,0.0001,,,,
524,2026-08-30T17:07:59.864162+00:00,INFO,no_executado,606,606,perguntar_operador,0.0001,,,,
525,2026-08-30T17:08:01.274881+00:00,INFO,no_executado,606,606,avaliar_informatividade,1.3523,,,,
526,2026-08-30T17:08:01.330612+00:00,INFO,no_executado,606,606,perguntar_operador,0.0001,,,,
527,2026-08-30T17:08:04.721661+00:00,INFO,no_executado,606,606,perguntar_operador,0.0001,,,,
528,2026-08-30T17:08:05.921418+00:00,INFO,no_executado,606,606,avaliar_informatividade,1.1421,,,,
529,2026-08-30T17:08:08.911351+00:00,INFO,no_executado,606,606,orquestrar_analise,2.9359,,,,
530,2026-08-30T17:08:10.573582+00:00,WARNING,"Busca RAG falhou (embeddings), seguindo sem candidatos.",,,,,,,,
531,2026-08-30T17:08:10.627441+00:00,INFO,no_executado,606,606,pre_busca_rag,1.6528,,,,
532,2026-08-30T17:08:11.051664+00:00,INFO,no_executado,606,606,formular_porque,2.0807,,,,
533,2026-08-30T17:08:11.106267+00:00,INFO,no_executado,606,606,perguntar_operador,0.0001,,,,
534,2026-08-30T17:08:15.136391+00:00,INFO,no_executado,606,606,perguntar_operador,0.0001,,,,
535,2026-08-30T17:08:16.542075+00:00,INFO,no_executado,606,606,avaliar_informatividade,1.3511,,,,
536,2026-08-30T17:08:16.596085+00:00,INFO,no_executado,606,606,perguntar_operador,0.0001,,,,
537,2026-08-30T17:08:24.082360+00:00,INFO,no_executado,606,606,perguntar_operador,0.0001,,,,
538,2026-08-30T17:08:25.636895+00:00,INFO,no_executado,606,606,avaliar_informatividade,1.4991,,,,
539,2026-08-30T17:08:27.309999+00:00,INFO,no_executado,606,606,formular_porque,1.6186,,,,
540,2026-08-30T17:08:27.364603+00:00,INFO,no_executado,606,606,perguntar_operador,0.0001,,,,
541,2026-08-30T17:08:40.024806+00:00,INFO,no_executado,606,606,perguntar_operador,0.0001,,,,
542,2026-08-30T17:08:41.793351+00:00,INFO,no_executado,606,606,avaliar_informatividade,1.7121,,,,
543,2026-08-30T17:08:41.847901+00:00,INFO,no_executado,606,606,perguntar_operador,0.0001,,,,
544,2026-08-30T17:08:57.094041+00:00,INFO,no_executado,606,606,perguntar_operador,0.0001,,,,
545,2026-08-30T17:08:58.767066+00:00,INFO,no_executado,606,606,avaliar_informatividade,1.6158,,,,
546,2026-08-30T17:09:00.280645+00:00,INFO,no_executado,606,606,formular_porque,1.4591,,,,
547,2026-08-30T17:09:00.335381+00:00,INFO,no_executado,606,606,perguntar_operador,0.0001,,,,
548,2026-08-30T17:09:33.573889+00:00,INFO,no_executado,606,606,perguntar_operador,0.0001,,,,
549,2026-08-30T17:09:34.994869+00:00,INFO,no_executado,606,606,avaliar_informatividade,1.3655,,,,
550,2026-08-30T17:09:35.049217+00:00,INFO,no_executado,606,606,perguntar_operador,0.0001,,,,
551,2026-08-30T17:09:38.301466+00:00,INFO,no_executado,606,606,perguntar_operador,0.0001,,,,
552,2026-08-30T17:09:39.688682+00:00,INFO,no_executado,606,606,avaliar_informatividade,1.3328,,,,
553,2026-08-30T17:09:41.232433+00:00,INFO,no_executado,606,606,formular_porque,1.4894,,,,
554,2026-08-30T17:09:41.286605+00:00,INFO,no_executado,606,606,perguntar_operador,0.0001,,,,
555,2026-08-30T17:09:46.023097+00:00,INFO,no_executado,606,606,perguntar_operador,0.0001,,,,
556,2026-08-30T17:09:47.831175+00:00,INFO,no_executado,606,606,avaliar_informatividade,1.7491,,,,
557,2026-08-30T17:09:47.885927+00:00,INFO,no_executado,606,606,perguntar_operador,0.0001,,,,
558,2026-08-30T17:09:56.436439+00:00,INFO,no_executado,606,606,perguntar_operador,0.0001,,,,
559,2026-08-30T17:09:57.831898+00:00,INFO,no_executado,606,606,avaliar_informatividade,1.3412,,,,
560,2026-08-30T17:09:59.183931+00:00,INFO,no_executado,606,606,formular_porque,1.2976,,,,
561,2026-08-30T17:09:59.238955+00:00,INFO,no_executado,606,606,perguntar_operador,0.0001,,,,
562,2026-08-30T17:10:13.763635+00:00,INFO,no_executado,606,606,perguntar_operador,0.0001,,,,
563,2026-08-30T17:10:15.132622+00:00,INFO,no_executado,606,606,avaliar_informatividade,1.3146,,,,
564,2026-08-30T17:10:15.190383+00:00,INFO,no_executado,606,606,perguntar_operador,0.0001,,,,
565,2026-08-30T17:10:28.642117+00:00,INFO,no_executado,606,606,perguntar_operador,0.0001,,,,
566,2026-08-30T17:10:30.025533+00:00,INFO,no_executado,606,606,avaliar_informatividade,1.3284,,,,
567,2026-08-30T17:10:31.836076+00:00,INFO,no_executado,606,606,gerar_causa_raiz,1.7551,,,,
568,2026-08-30T17:10:36.588302+00:00,INFO,no_executado,606,606,recomendar_tratativa,4.698,,,,
569,2026-08-30T17:11:33.965256+00:00,INFO,no_executado,606,606,preparar_contexto,0.0008,,,,
570,2026-08-30T17:11:35.556646+00:00,INFO,no_executado,606,606,formular_pergunta_ishikawa,1.5361,,,,
571,2026-08-30T17:11:35.611114+00:00,INFO,no_executado,606,606,perguntar_operador,0.0001,,,,
